Tên quán,Điểm đánh giá,Địa chỉ quán,Số người review,Link
Hệ thống Xin Chào Thanh Xuân - Cơm Hộp & Kimbap Hàn Quốc,8.1,"2chi nhánh,2",36,https://www.foody.vn/thuong-hieu/xin-chao-thanh-xuan-com-hop-kimbap?c=ha-noi
Cháo Hoàng Gia - Vũ Hữu,7.4,"332 Vũ Hữu (Đối diện 401 Vũ Hữu),Quận Thanh Xuân,Hà Nội",12,https://www.foody.vn/ha-noi/chao-hoang-gia-vu-huu
Cô Vân - Cháo & Tào Phớ,6.3,"Đối Diện Trường Cấp 1 Đặng Trần Côn A, Nguyễn Quý Đức,Quận Thanh Xuân,Hà Nội",6,https://www.foody.vn/ha-noi/co-van-chao-tao-pho
Nhất Cháo - Hoàng Đạo Thúy,7.3,"1 Ngõ 1 Hoàng Đạo Thúy,Quận Thanh Xuân,Hà Nội",87,https://www.foody.vn/ha-noi/nhat-chao-hoang-dao-thuy
"Quán Bé Tí Xíu - Ốc, Ngao, Nem, Chân Gà & Cháo",7.0,"108B A6 Ngõ 13 Khuất Duy Tiến,Quận Thanh Xuân,Hà Nội",2,https://www.foody.vn/ha-noi/be-ti-xiu-chao-oc-ngao-an-vat
Lòng Lợn & Cháo Lòng Khương Đình - Quan Nhân,8.0,"50B Ngõ 144 Quan Nhân,Quận Thanh Xuân,Hà Nội",39,https://www.foody.vn/ha-noi/long-lon-sieu-sach-khuong-dinh
Quán Cháo Hùng Lòng,5.6,"101B A11 Nguyễn Quý Đức,Quận Thanh Xuân,Hà Nội",2,https://www.foody.vn/ha-noi/quan-chao-hung-long
"Xôi, Cháo Trai & Cháo Thịt",7.6,"H13 Ngõ 477 Nguyễn Trãi,Quận Thanh Xuân,Hà Nội",3,https://www.foody.vn/ha-noi/xoi-chao-trai-chao-thit
"Quán Cô Mai - Xôi, Cháo & Sốt Vang",9.0,"24 Ngõ 72 Nguyễn Trãi, P. Thượng Đình,Quận Thanh Xuân,Hà Nội",1,https://www.foody.vn/ha-noi/quan-co-mai-xoi-chao-sot-vang
Thu Hương - Miến & Cháo Lươn Nghệ An,6.9,"192 Hoàng Văn Thái,Quận Thanh Xuân,Hà Nội",3,https://www.foody.vn/ha-noi/thu-huong-mien-chao-luon-nghe-an
Hợp Lý 1 - Cháo Lòng & Lòng Nướng,9.0,"158 Nguyễn Tuân,Quận Thanh Xuân,Hà Nội",2,https://www.foody.vn/ha-noi/hop-ly-1-chao-long-long-nuong
A Lẩu - Cháo Lòng,9.2,"207 Vũ Hữu,Quận Thanh Xuân,Hà Nội",2,https://www.foody.vn/ha-noi/a-lau-chao-long
Hệ thống Vinachao - Cháo Dinh Dưỡng,7.4,"6chi nhánh,6",1,https://www.foody.vn/thuong-hieu/vinachao-chao-dinh-duong?c=ha-noi
Chè E4 - Cháo Sườn Sụn & Chè Thập Cẩm,6.0,"101 E4 Thanh Xuân Bắc,Quận Thanh Xuân,Hà Nội",2,https://www.foody.vn/ha-noi/che-e4-thanh-xuan-bac
Cháo Sườn - Tô Vĩnh Diện,7.7,"82 Tô Vĩnh Diện,Quận Thanh Xuân,Hà Nội",3,https://www.foody.vn/ha-noi/chao-suon-to-vinh-dien
Quán Cháo Cô Sinh - Nguyễn Quý Đức,1.0,"P101 A11 Nguyễn Quý Đức, P. Thanh Xuân Bắc,Quận Thanh Xuân,Hà Nội",1,https://www.foody.vn/ha-noi/quan-chao-co-sinh-nguyen-quy-duc
Chị Bích - Cháo Sườn,8.2,"Cổng Trường Mầm Non Tân Triều, Triều Khúc,Quận Thanh Xuân,Hà Nội",1,https://www.foody.vn/ha-noi/chi-bich-chao-suon
"Quán Tuấn Vịt - Cháo, Lẩu Vịt",6.7,"69 Hoàng Văn Thái,Quận Thanh Xuân,Hà Nội",3,https://www.foody.vn/ha-noi/quan-tuan-vit-chao-lau-vit
Cháo Lươn Xứ Nghệ - Tô Vĩnh Diện,8.6,"17 Ngách 6 Ngõ 43 Tô Vĩnh Diện,Quận Thanh Xuân,Hà Nội",3,https://www.foody.vn/ha-noi/chao-luon-xu-nghe-to-vinh-dien
"Yến Chíp - Xôi Gà Bóp, Chân Gà Bóp Xứ Huế & Cháo Gà - Nhân Hòa",9.8,"2 Ngách 3 Ngõ 47 Phố Nhân Hòa, P. Nhân Chính,Quận Thanh Xuân,Hà Nội",51,https://www.foody.vn/ha-noi/yen-chip-xoi-ga-bop-chan-ga-bop-xu-hue-chao-ga-nhan-hoa
Bún Cháo Bác Già,8.0,"Đối Diện Trường TH Đặng Trần Côn A, Nguyễn Quý Đức,Quận Thanh Xuân,Hà Nội",1,https://www.foody.vn/ha-noi/bun-chao-bac-gia
Hữu Béo - Bia Hơi & Cháo Lòng Tiết Canh,7.0,"211 Bùi Xương Trạch,Quận Thanh Xuân,Hà Nội",1,https://www.foody.vn/ha-noi/huu-beo-bia-hoi-chao-long-tiet-canh
"Bún Cô Nhung - Cua, Ốc,Trứng Vịt Lộn, Cháo",6.8,"97 Vương Thừa Vũ,Quận Thanh Xuân,Hà Nội",1,https://www.foody.vn/ha-noi/bun-co-nhung-cua-oc-trung-vit-lon-chao
"Bún Cô Nhung - Cua, Ốc,Trứng Vịt Lộn, Cháo",6.8,"97 Vương Thừa Vũ,Quận Thanh Xuân,Hà Nội",1,https://www.foody.vn/ha-noi/bun-co-nhung-cua-oc-trung-vit-lon-chao
Cháo Ngũ Quả - Cơm Gà & Đồ Ăn Vặt Online,1.0,"117A Nhà B3 (Cầu Thang 2) Ngõ 129 Nguyễn Trãi,Quận Thanh Xuân,Hà Nội",1,https://www.foody.vn/ha-noi/chao-ngu-qua-com-ga-do-an-vat-online